id;name;geoid;geoname;value;datetime
10037;Generación medida Eólica;;;11536.7;2025-08-01T00:00:00+02:00
10037;Generación medida Eólica;;;11233.126;2025-08-01T01:00:00+02:00
10037;Generación medida Eólica;;;11088.596;2025-08-01T02:00:00+02:00
10037;Generación medida Eólica;;;10623.871;2025-08-01T03:00:00+02:00
10037;Generación medida Eólica;;;9917.714;2025-08-01T04:00:00+02:00
10037;Generación medida Eólica;;;9580.595;2025-08-01T05:00:00+02:00
10037;Generación medida Eólica;;;8603.689;2025-08-01T06:00:00+02:00
10037;Generación medida Eólica;;;7626.795;2025-08-01T07:00:00+02:00
10037;Generación medida Eólica;;;6578.795;2025-08-01T08:00:00+02:00
10037;Generación medida Eólica;;;6041.026;2025-08-01T09:00:00+02:00
10037;Generación medida Eólica;;;5637.576;2025-08-01T10:00:00+02:00
10037;Generación medida Eólica;;;5978.138;2025-08-01T11:00:00+02:00
10037;Generación medida Eólica;;;5986.343;2025-08-01T12:00:00+02:00
10037;Generación medida Eólica;;;6017.481;2025-08-01T13:00:00+02:00
10037;Generación medida Eólica;;;5218.905;2025-08-01T14:00:00+02:00
10037;Generación medida Eólica;;;5316.627;2025-08-01T15:00:00+02:00
10037;Generación medida Eólica;;;5607.616;2025-08-01T16:00:00+02:00
10037;Generación medida Eólica;;;7021.554;2025-08-01T17:00:00+02:00
10037;Generación medida Eólica;;;7336.871;2025-08-01T18:00:00+02:00
10037;Generación medida Eólica;;;7881.349;2025-08-01T19:00:00+02:00
10037;Generación medida Eólica;;;8618.698;2025-08-01T20:00:00+02:00
10037;Generación medida Eólica;;;9574.913;2025-08-01T21:00:00+02:00
10037;Generación medida Eólica;;;10626.453;2025-08-01T22:00:00+02:00
10037;Generación medida Eólica;;;11464.325;2025-08-01T23:00:00+02:00
10037;Generación medida Eólica;;;11989.543;2025-08-02T00:00:00+02:00
10037;Generación medida Eólica;;;12148.654;2025-08-02T01:00:00+02:00
10037;Generación medida Eólica;;;11902.464;2025-08-02T02:00:00+02:00
10037;Generación medida Eólica;;;11667.782;2025-08-02T03:00:00+02:00
10037;Generación medida Eólica;;;11151.115;2025-08-02T04:00:00+02:00
10037;Generación medida Eólica;;;10791.196;2025-08-02T05:00:00+02:00
10037;Generación medida Eólica;;;10843.903;2025-08-02T06:00:00+02:00
10037;Generación medida Eólica;;;10322.634;2025-08-02T07:00:00+02:00
10037;Generación medida Eólica;;;9181.356;2025-08-02T08:00:00+02:00
10037;Generación medida Eólica;;;6776.446;2025-08-02T09:00:00+02:00
10037;Generación medida Eólica;;;5187.517;2025-08-02T10:00:00+02:00
10037;Generación medida Eólica;;;4691.329;2025-08-02T11:00:00+02:00
10037;Generación medida Eólica;;;4381.269;2025-08-02T12:00:00+02:00
10037;Generación medida Eólica;;;4080.336;2025-08-02T13:00:00+02:00
10037;Generación medida Eólica;;;3792.937;2025-08-02T14:00:00+02:00
10037;Generación medida Eólica;;;4294.44;2025-08-02T15:00:00+02:00
10037;Generación medida Eólica;;;4730.368;2025-08-02T16:00:00+02:00
10037;Generación medida Eólica;;;5511.415;2025-08-02T17:00:00+02:00
10037;Generación medida Eólica;;;6608.798;2025-08-02T18:00:00+02:00
10037;Generación medida Eólica;;;9570.57;2025-08-02T19:00:00+02:00
10037;Generación medida Eólica;;;10839.858;2025-08-02T20:00:00+02:00
10037;Generación medida Eólica;;;11545.066;2025-08-02T21:00:00+02:00
10037;Generación medida Eólica;;;12474.045;2025-08-02T22:00:00+02:00
10037;Generación medida Eólica;;;12613.243;2025-08-02T23:00:00+02:00
10037;Generación medida Eólica;;;12532.493;2025-08-03T00:00:00+02:00
10037;Generación medida Eólica;;;12475.629;2025-08-03T01:00:00+02:00
10037;Generación medida Eólica;;;12132.779;2025-08-03T02:00:00+02:00
10037;Generación medida Eólica;;;11567.314;2025-08-03T03:00:00+02:00
10037;Generación medida Eólica;;;10482.08;2025-08-03T04:00:00+02:00
10037;Generación medida Eólica;;;9553.234;2025-08-03T05:00:00+02:00
10037;Generación medida Eólica;;;9007.146;2025-08-03T06:00:00+02:00
10037;Generación medida Eólica;;;8614.781;2025-08-03T07:00:00+02:00
10037;Generación medida Eólica;;;7737.498;2025-08-03T08:00:00+02:00
10037;Generación medida Eólica;;;4938.218;2025-08-03T09:00:00+02:00
10037;Generación medida Eólica;;;3797.525;2025-08-03T10:00:00+02:00
10037;Generación medida Eólica;;;2956.941;2025-08-03T11:00:00+02:00
10037;Generación medida Eólica;;;2388.044;2025-08-03T12:00:00+02:00
10037;Generación medida Eólica;;;2113.704;2025-08-03T13:00:00+02:00
10037;Generación medida Eólica;;;2068.883;2025-08-03T14:00:00+02:00
10037;Generación medida Eólica;;;2122.792;2025-08-03T15:00:00+02:00
10037;Generación medida Eólica;;;3129.286;2025-08-03T16:00:00+02:00
10037;Generación medida Eólica;;;3864.778;2025-08-03T17:00:00+02:00
10037;Generación medida Eólica;;;4714.015;2025-08-03T18:00:00+02:00
10037;Generación medida Eólica;;;6461.338;2025-08-03T19:00:00+02:00
10037;Generación medida Eólica;;;6870.643;2025-08-03T20:00:00+02:00
10037;Generación medida Eólica;;;7978.927;2025-08-03T21:00:00+02:00
10037;Generación medida Eólica;;;9243.198;2025-08-03T22:00:00+02:00
10037;Generación medida Eólica;;;9789.006;2025-08-03T23:00:00+02:00
10037;Generación medida Eólica;;;9628.387;2025-08-04T00:00:00+02:00
10037;Generación medida Eólica;;;8422.668;2025-08-04T01:00:00+02:00
10037;Generación medida Eólica;;;6521.83;2025-08-04T02:00:00+02:00
10037;Generación medida Eólica;;;5197.99;2025-08-04T03:00:00+02:00
10037;Generación medida Eólica;;;4349.686;2025-08-04T04:00:00+02:00
10037;Generación medida Eólica;;;3897.254;2025-08-04T05:00:00+02:00
10037;Generación medida Eólica;;;3686.922;2025-08-04T06:00:00+02:00
10037;Generación medida Eólica;;;3557.981;2025-08-04T07:00:00+02:00
10037;Generación medida Eólica;;;3193.465;2025-08-04T08:00:00+02:00
10037;Generación medida Eólica;;;2729.313;2025-08-04T09:00:00+02:00
10037;Generación medida Eólica;;;2437.293;2025-08-04T10:00:00+02:00
10037;Generación medida Eólica;;;2155.052;2025-08-04T11:00:00+02:00
10037;Generación medida Eólica;;;2047.087;2025-08-04T12:00:00+02:00
10037;Generación medida Eólica;;;2175.209;2025-08-04T13:00:00+02:00
10037;Generación medida Eólica;;;2462.729;2025-08-04T14:00:00+02:00
10037;Generación medida Eólica;;;2721.399;2025-08-04T15:00:00+02:00
10037;Generación medida Eólica;;;2958.316;2025-08-04T16:00:00+02:00
10037;Generación medida Eólica;;;3225.9;2025-08-04T17:00:00+02:00
10037;Generación medida Eólica;;;3611.659;2025-08-04T18:00:00+02:00
10037;Generación medida Eólica;;;3960.571;2025-08-04T19:00:00+02:00
10037;Generación medida Eólica;;;4055.103;2025-08-04T20:00:00+02:00
10037;Generación medida Eólica;;;4393.515;2025-08-04T21:00:00+02:00
10037;Generación medida Eólica;;;4796.714;2025-08-04T22:00:00+02:00
10037;Generación medida Eólica;;;5044.573;2025-08-04T23:00:00+02:00
10037;Generación medida Eólica;;;5120.191;2025-08-05T00:00:00+02:00
10037;Generación medida Eólica;;;5275.001;2025-08-05T01:00:00+02:00
10037;Generación medida Eólica;;;4967.797;2025-08-05T02:00:00+02:00
10037;Generación medida Eólica;;;4828.749;2025-08-05T03:00:00+02:00
10037;Generación medida Eólica;;;5188.818;2025-08-05T04:00:00+02:00
10037;Generación medida Eólica;;;5668.699;2025-08-05T05:00:00+02:00
10037;Generación medida Eólica;;;6342.022;2025-08-05T06:00:00+02:00
10037;Generación medida Eólica;;;6839.152;2025-08-05T07:00:00+02:00
10037;Generación medida Eólica;;;6558.977;2025-08-05T08:00:00+02:00
10037;Generación medida Eólica;;;5817.76;2025-08-05T09:00:00+02:00
10037;Generación medida Eólica;;;5328.352;2025-08-05T10:00:00+02:00
10037;Generación medida Eólica;;;4926.341;2025-08-05T11:00:00+02:00
10037;Generación medida Eólica;;;5259.918;2025-08-05T12:00:00+02:00
10037;Generación medida Eólica;;;5775.806;2025-08-05T13:00:00+02:00
10037;Generación medida Eólica;;;5854.775;2025-08-05T14:00:00+02:00
10037;Generación medida Eólica;;;6273.016;2025-08-05T15:00:00+02:00
10037;Generación medida Eólica;;;6733.044;2025-08-05T16:00:00+02:00
10037;Generación medida Eólica;;;8767.139;2025-08-05T17:00:00+02:00
10037;Generación medida Eólica;;;9728.818;2025-08-05T18:00:00+02:00
10037;Generación medida Eólica;;;10397.764;2025-08-05T19:00:00+02:00
10037;Generación medida Eólica;;;10982.515;2025-08-05T20:00:00+02:00
10037;Generación medida Eólica;;;11535.274;2025-08-05T21:00:00+02:00
10037;Generación medida Eólica;;;11944.209;2025-08-05T22:00:00+02:00
10037;Generación medida Eólica;;;11569.854;2025-08-05T23:00:00+02:00
10037;Generación medida Eólica;;;11243.719;2025-08-06T00:00:00+02:00
10037;Generación medida Eólica;;;10770.638;2025-08-06T01:00:00+02:00
10037;Generación medida Eólica;;;9850.763;2025-08-06T02:00:00+02:00
10037;Generación medida Eólica;;;8509.678;2025-08-06T03:00:00+02:00
10037;Generación medida Eólica;;;7260.058;2025-08-06T04:00:00+02:00
10037;Generación medida Eólica;;;6458.044;2025-08-06T05:00:00+02:00
10037;Generación medida Eólica;;;5655.736;2025-08-06T06:00:00+02:00
10037;Generación medida Eólica;;;4914.835;2025-08-06T07:00:00+02:00
10037;Generación medida Eólica;;;4168.121;2025-08-06T08:00:00+02:00
10037;Generación medida Eólica;;;3014.017;2025-08-06T09:00:00+02:00
10037;Generación medida Eólica;;;2377.599;2025-08-06T10:00:00+02:00
10037;Generación medida Eólica;;;2050.373;2025-08-06T11:00:00+02:00
10037;Generación medida Eólica;;;2041.591;2025-08-06T12:00:00+02:00
10037;Generación medida Eólica;;;2223.909;2025-08-06T13:00:00+02:00
10037;Generación medida Eólica;;;2435.405;2025-08-06T14:00:00+02:00
10037;Generación medida Eólica;;;2559.046;2025-08-06T15:00:00+02:00
10037;Generación medida Eólica;;;2752.933;2025-08-06T16:00:00+02:00
10037;Generación medida Eólica;;;2798.34;2025-08-06T17:00:00+02:00
10037;Generación medida Eólica;;;2648.715;2025-08-06T18:00:00+02:00
10037;Generación medida Eólica;;;2667.366;2025-08-06T19:00:00+02:00
10037;Generación medida Eólica;;;2624.633;2025-08-06T20:00:00+02:00
10037;Generación medida Eólica;;;2748.448;2025-08-06T21:00:00+02:00
10037;Generación medida Eólica;;;2829.934;2025-08-06T22:00:00+02:00
10037;Generación medida Eólica;;;2857.988;2025-08-06T23:00:00+02:00
10037;Generación medida Eólica;;;2946.37;2025-08-07T00:00:00+02:00
10037;Generación medida Eólica;;;2836.874;2025-08-07T01:00:00+02:00
10037;Generación medida Eólica;;;2612.643;2025-08-07T02:00:00+02:00
10037;Generación medida Eólica;;;2508.433;2025-08-07T03:00:00+02:00
10037;Generación medida Eólica;;;2399.179;2025-08-07T04:00:00+02:00
10037;Generación medida Eólica;;;2106.654;2025-08-07T05:00:00+02:00
10037;Generación medida Eólica;;;1980.076;2025-08-07T06:00:00+02:00
10037;Generación medida Eólica;;;1738.214;2025-08-07T07:00:00+02:00
10037;Generación medida Eólica;;;1290.376;2025-08-07T08:00:00+02:00
10037;Generación medida Eólica;;;735.436;2025-08-07T09:00:00+02:00
10037;Generación medida Eólica;;;493.102;2025-08-07T10:00:00+02:00
10037;Generación medida Eólica;;;518.224;2025-08-07T11:00:00+02:00
10037;Generación medida Eólica;;;710.001;2025-08-07T12:00:00+02:00
10037;Generación medida Eólica;;;915.86;2025-08-07T13:00:00+02:00
10037;Generación medida Eólica;;;1364.631;2025-08-07T14:00:00+02:00
10037;Generación medida Eólica;;;1711.538;2025-08-07T15:00:00+02:00
10037;Generación medida Eólica;;;2119.543;2025-08-07T16:00:00+02:00
10037;Generación medida Eólica;;;2572.609;2025-08-07T17:00:00+02:00
10037;Generación medida Eólica;;;3232.446;2025-08-07T18:00:00+02:00
10037;Generación medida Eólica;;;3687.656;2025-08-07T19:00:00+02:00
10037;Generación medida Eólica;;;4203.728;2025-08-07T20:00:00+02:00
10037;Generación medida Eólica;;;5032.445;2025-08-07T21:00:00+02:00
10037;Generación medida Eólica;;;5654.964;2025-08-07T22:00:00+02:00
10037;Generación medida Eólica;;;6257.48;2025-08-07T23:00:00+02:00
10037;Generación medida Eólica;;;6319.213;2025-08-08T00:00:00+02:00
10037;Generación medida Eólica;;;6258.364;2025-08-08T01:00:00+02:00
10037;Generación medida Eólica;;;5982.528;2025-08-08T02:00:00+02:00
10037;Generación medida Eólica;;;5637.381;2025-08-08T03:00:00+02:00
10037;Generación medida Eólica;;;4876.625;2025-08-08T04:00:00+02:00
10037;Generación medida Eólica;;;3844.832;2025-08-08T05:00:00+02:00
10037;Generación medida Eólica;;;3402.341;2025-08-08T06:00:00+02:00
10037;Generación medida Eólica;;;3127.78;2025-08-08T07:00:00+02:00
10037;Generación medida Eólica;;;2527.386;2025-08-08T08:00:00+02:00
10037;Generación medida Eólica;;;1863.672;2025-08-08T09:00:00+02:00
10037;Generación medida Eólica;;;1585.992;2025-08-08T10:00:00+02:00
10037;Generación medida Eólica;;;1644.32;2025-08-08T11:00:00+02:00
10037;Generación medida Eólica;;;1939.102;2025-08-08T12:00:00+02:00
10037;Generación medida Eólica;;;2229.119;2025-08-08T13:00:00+02:00
10037;Generación medida Eólica;;;2330.472;2025-08-08T14:00:00+02:00
10037;Generación medida Eólica;;;2635.355;2025-08-08T15:00:00+02:00
10037;Generación medida Eólica;;;3334.121;2025-08-08T16:00:00+02:00
10037;Generación medida Eólica;;;3787.39;2025-08-08T17:00:00+02:00
10037;Generación medida Eólica;;;4370.166;2025-08-08T18:00:00+02:00
10037;Generación medida Eólica;;;5044.947;2025-08-08T19:00:00+02:00
10037;Generación medida Eólica;;;5353.635;2025-08-08T20:00:00+02:00
10037;Generación medida Eólica;;;5546.673;2025-08-08T21:00:00+02:00
10037;Generación medida Eólica;;;5443.892;2025-08-08T22:00:00+02:00
10037;Generación medida Eólica;;;5243.929;2025-08-08T23:00:00+02:00
10037;Generación medida Eólica;;;5405.435;2025-08-09T00:00:00+02:00
10037;Generación medida Eólica;;;5180.846;2025-08-09T01:00:00+02:00
10037;Generación medida Eólica;;;4453.069;2025-08-09T02:00:00+02:00
10037;Generación medida Eólica;;;3873.408;2025-08-09T03:00:00+02:00
10037;Generación medida Eólica;;;3202.083;2025-08-09T04:00:00+02:00
10037;Generación medida Eólica;;;2747.197;2025-08-09T05:00:00+02:00
10037;Generación medida Eólica;;;2521.61;2025-08-09T06:00:00+02:00
10037;Generación medida Eólica;;;2329.729;2025-08-09T07:00:00+02:00
10037;Generación medida Eólica;;;2258.432;2025-08-09T08:00:00+02:00
10037;Generación medida Eólica;;;1908.994;2025-08-09T09:00:00+02:00
10037;Generación medida Eólica;;;1834.971;2025-08-09T10:00:00+02:00
10037;Generación medida Eólica;;;1733.878;2025-08-09T11:00:00+02:00
10037;Generación medida Eólica;;;1922.167;2025-08-09T12:00:00+02:00
10037;Generación medida Eólica;;;2018.546;2025-08-09T13:00:00+02:00
10037;Generación medida Eólica;;;2186.17;2025-08-09T14:00:00+02:00
10037;Generación medida Eólica;;;2700.564;2025-08-09T15:00:00+02:00
10037;Generación medida Eólica;;;3482.928;2025-08-09T16:00:00+02:00
10037;Generación medida Eólica;;;4651.665;2025-08-09T17:00:00+02:00
10037;Generación medida Eólica;;;5780.049;2025-08-09T18:00:00+02:00
10037;Generación medida Eólica;;;6860.782;2025-08-09T19:00:00+02:00
10037;Generación medida Eólica;;;7925.662;2025-08-09T20:00:00+02:00
10037;Generación medida Eólica;;;8573.947;2025-08-09T21:00:00+02:00
10037;Generación medida Eólica;;;8878.998;2025-08-09T22:00:00+02:00
10037;Generación medida Eólica;;;8194.353;2025-08-09T23:00:00+02:00
10037;Generación medida Eólica;;;7892.818;2025-08-10T00:00:00+02:00
10037;Generación medida Eólica;;;7527.601;2025-08-10T01:00:00+02:00
10037;Generación medida Eólica;;;6969.553;2025-08-10T02:00:00+02:00
10037;Generación medida Eólica;;;6436.191;2025-08-10T03:00:00+02:00
10037;Generación medida Eólica;;;6063.943;2025-08-10T04:00:00+02:00
10037;Generación medida Eólica;;;5608.007;2025-08-10T05:00:00+02:00
10037;Generación medida Eólica;;;5166.63;2025-08-10T06:00:00+02:00
10037;Generación medida Eólica;;;4790.652;2025-08-10T07:00:00+02:00
10037;Generación medida Eólica;;;4141.444;2025-08-10T08:00:00+02:00
10037;Generación medida Eólica;;;2588.445;2025-08-10T09:00:00+02:00
10037;Generación medida Eólica;;;2150.703;2025-08-10T10:00:00+02:00
10037;Generación medida Eólica;;;2063.476;2025-08-10T11:00:00+02:00
10037;Generación medida Eólica;;;2224.987;2025-08-10T12:00:00+02:00
10037;Generación medida Eólica;;;2395.51;2025-08-10T13:00:00+02:00
10037;Generación medida Eólica;;;2441.434;2025-08-10T14:00:00+02:00
10037;Generación medida Eólica;;;2395.707;2025-08-10T15:00:00+02:00
10037;Generación medida Eólica;;;2718.616;2025-08-10T16:00:00+02:00
10037;Generación medida Eólica;;;3721.926;2025-08-10T17:00:00+02:00
10037;Generación medida Eólica;;;4232.874;2025-08-10T18:00:00+02:00
10037;Generación medida Eólica;;;4163.79;2025-08-10T19:00:00+02:00
10037;Generación medida Eólica;;;3869.949;2025-08-10T20:00:00+02:00
10037;Generación medida Eólica;;;4122.338;2025-08-10T21:00:00+02:00
10037;Generación medida Eólica;;;4631.54;2025-08-10T22:00:00+02:00
10037;Generación medida Eólica;;;4741.577;2025-08-10T23:00:00+02:00
10037;Generación medida Eólica;;;4677.391;2025-08-11T00:00:00+02:00
10037;Generación medida Eólica;;;4477.312;2025-08-11T01:00:00+02:00
10037;Generación medida Eólica;;;4253.507;2025-08-11T02:00:00+02:00
10037;Generación medida Eólica;;;4104.373;2025-08-11T03:00:00+02:00
10037;Generación medida Eólica;;;3590.261;2025-08-11T04:00:00+02:00
10037;Generación medida Eólica;;;3189.758;2025-08-11T05:00:00+02:00
10037;Generación medida Eólica;;;2861.681;2025-08-11T06:00:00+02:00
10037;Generación medida Eólica;;;2626.562;2025-08-11T07:00:00+02:00
10037;Generación medida Eólica;;;2582.335;2025-08-11T08:00:00+02:00
10037;Generación medida Eólica;;;2148.828;2025-08-11T09:00:00+02:00
10037;Generación medida Eólica;;;1784.656;2025-08-11T10:00:00+02:00
10037;Generación medida Eólica;;;1627.027;2025-08-11T11:00:00+02:00
10037;Generación medida Eólica;;;1672.167;2025-08-11T12:00:00+02:00
10037;Generación medida Eólica;;;2179.104;2025-08-11T13:00:00+02:00
10037;Generación medida Eólica;;;2484.708;2025-08-11T14:00:00+02:00
10037;Generación medida Eólica;;;2618.038;2025-08-11T15:00:00+02:00
10037;Generación medida Eólica;;;2688.083;2025-08-11T16:00:00+02:00
10037;Generación medida Eólica;;;3131.636;2025-08-11T17:00:00+02:00
10037;Generación medida Eólica;;;3200.809;2025-08-11T18:00:00+02:00
10037;Generación medida Eólica;;;3298.614;2025-08-11T19:00:00+02:00
10037;Generación medida Eólica;;;3679.831;2025-08-11T20:00:00+02:00
10037;Generación medida Eólica;;;4275.135;2025-08-11T21:00:00+02:00
10037;Generación medida Eólica;;;5063.999;2025-08-11T22:00:00+02:00
10037;Generación medida Eólica;;;4686.808;2025-08-11T23:00:00+02:00
10037;Generación medida Eólica;;;4390.004;2025-08-12T00:00:00+02:00
10037;Generación medida Eólica;;;4383.296;2025-08-12T01:00:00+02:00
10037;Generación medida Eólica;;;4031.076;2025-08-12T02:00:00+02:00
10037;Generación medida Eólica;;;3316.978;2025-08-12T03:00:00+02:00
10037;Generación medida Eólica;;;2680.93;2025-08-12T04:00:00+02:00
10037;Generación medida Eólica;;;2097.703;2025-08-12T05:00:00+02:00
10037;Generación medida Eólica;;;2113.239;2025-08-12T06:00:00+02:00
10037;Generación medida Eólica;;;2074.12;2025-08-12T07:00:00+02:00
10037;Generación medida Eólica;;;2066.498;2025-08-12T08:00:00+02:00
10037;Generación medida Eólica;;;1762.551;2025-08-12T09:00:00+02:00
10037;Generación medida Eólica;;;1578.91;2025-08-12T10:00:00+02:00
10037;Generación medida Eólica;;;1677.838;2025-08-12T11:00:00+02:00
10037;Generación medida Eólica;;;2050.128;2025-08-12T12:00:00+02:00
10037;Generación medida Eólica;;;2628.958;2025-08-12T13:00:00+02:00
10037;Generación medida Eólica;;;3239.883;2025-08-12T14:00:00+02:00
10037;Generación medida Eólica;;;3948.783;2025-08-12T15:00:00+02:00
10037;Generación medida Eólica;;;5329.394;2025-08-12T16:00:00+02:00
10037;Generación medida Eólica;;;7168.171;2025-08-12T17:00:00+02:00
10037;Generación medida Eólica;;;8251.133;2025-08-12T18:00:00+02:00
10037;Generación medida Eólica;;;7282.881;2025-08-12T19:00:00+02:00
10037;Generación medida Eólica;;;7327.277;2025-08-12T20:00:00+02:00
10037;Generación medida Eólica;;;7119.759;2025-08-12T21:00:00+02:00
10037;Generación medida Eólica;;;5691.398;2025-08-12T22:00:00+02:00
10037;Generación medida Eólica;;;5661.088;2025-08-12T23:00:00+02:00
10037;Generación medida Eólica;;;4976.445;2025-08-13T00:00:00+02:00
10037;Generación medida Eólica;;;5166.362;2025-08-13T01:00:00+02:00
10037;Generación medida Eólica;;;4020.345;2025-08-13T02:00:00+02:00
10037;Generación medida Eólica;;;3129.997;2025-08-13T03:00:00+02:00
10037;Generación medida Eólica;;;2847.694;2025-08-13T04:00:00+02:00
10037;Generación medida Eólica;;;2981.594;2025-08-13T05:00:00+02:00
10037;Generación medida Eólica;;;2867.878;2025-08-13T06:00:00+02:00
10037;Generación medida Eólica;;;2813.593;2025-08-13T07:00:00+02:00
10037;Generación medida Eólica;;;2612.818;2025-08-13T08:00:00+02:00
10037;Generación medida Eólica;;;2324.544;2025-08-13T09:00:00+02:00
10037;Generación medida Eólica;;;1987.376;2025-08-13T10:00:00+02:00
10037;Generación medida Eólica;;;2034.014;2025-08-13T11:00:00+02:00
10037;Generación medida Eólica;;;2190.873;2025-08-13T12:00:00+02:00
10037;Generación medida Eólica;;;2612.777;2025-08-13T13:00:00+02:00
10037;Generación medida Eólica;;;3161.435;2025-08-13T14:00:00+02:00
10037;Generación medida Eólica;;;4269.638;2025-08-13T15:00:00+02:00
10037;Generación medida Eólica;;;5013.365;2025-08-13T16:00:00+02:00
10037;Generación medida Eólica;;;5413.114;2025-08-13T17:00:00+02:00
10037;Generación medida Eólica;;;5576.085;2025-08-13T18:00:00+02:00
10037;Generación medida Eólica;;;5722.731;2025-08-13T19:00:00+02:00
10037;Generación medida Eólica;;;4610.517;2025-08-13T20:00:00+02:00
10037;Generación medida Eólica;;;4478.708;2025-08-13T21:00:00+02:00
10037;Generación medida Eólica;;;4816.206;2025-08-13T22:00:00+02:00
10037;Generación medida Eólica;;;5413.958;2025-08-13T23:00:00+02:00
10037;Generación medida Eólica;;;5120.407;2025-08-14T00:00:00+02:00
10037;Generación medida Eólica;;;4764.477;2025-08-14T01:00:00+02:00
10037;Generación medida Eólica;;;4307.888;2025-08-14T02:00:00+02:00
10037;Generación medida Eólica;;;4328.085;2025-08-14T03:00:00+02:00
10037;Generación medida Eólica;;;4835.784;2025-08-14T04:00:00+02:00
10037;Generación medida Eólica;;;4989.709;2025-08-14T05:00:00+02:00
10037;Generación medida Eólica;;;5055.865;2025-08-14T06:00:00+02:00
10037;Generación medida Eólica;;;4939.834;2025-08-14T07:00:00+02:00
10037;Generación medida Eólica;;;4516.96;2025-08-14T08:00:00+02:00
10037;Generación medida Eólica;;;3956.545;2025-08-14T09:00:00+02:00
10037;Generación medida Eólica;;;3651.34;2025-08-14T10:00:00+02:00
10037;Generación medida Eólica;;;3449.36;2025-08-14T11:00:00+02:00
10037;Generación medida Eólica;;;3053.063;2025-08-14T12:00:00+02:00
10037;Generación medida Eólica;;;2942.659;2025-08-14T13:00:00+02:00
10037;Generación medida Eólica;;;3036.735;2025-08-14T14:00:00+02:00
10037;Generación medida Eólica;;;3272.886;2025-08-14T15:00:00+02:00
10037;Generación medida Eólica;;;3657.473;2025-08-14T16:00:00+02:00
10037;Generación medida Eólica;;;4135.201;2025-08-14T17:00:00+02:00
10037;Generación medida Eólica;;;4193.26;2025-08-14T18:00:00+02:00
10037;Generación medida Eólica;;;4271.861;2025-08-14T19:00:00+02:00
10037;Generación medida Eólica;;;4260.015;2025-08-14T20:00:00+02:00
10037;Generación medida Eólica;;;4696.306;2025-08-14T21:00:00+02:00
10037;Generación medida Eólica;;;5649.926;2025-08-14T22:00:00+02:00
10037;Generación medida Eólica;;;6050.934;2025-08-14T23:00:00+02:00
10037;Generación medida Eólica;;;5774.25;2025-08-15T00:00:00+02:00
10037;Generación medida Eólica;;;5801.048;2025-08-15T01:00:00+02:00
10037;Generación medida Eólica;;;5767.417;2025-08-15T02:00:00+02:00
10037;Generación medida Eólica;;;5701.849;2025-08-15T03:00:00+02:00
10037;Generación medida Eólica;;;5254.484;2025-08-15T04:00:00+02:00
10037;Generación medida Eólica;;;4893.143;2025-08-15T05:00:00+02:00
10037;Generación medida Eólica;;;4477.774;2025-08-15T06:00:00+02:00
10037;Generación medida Eólica;;;4210.435;2025-08-15T07:00:00+02:00
10037;Generación medida Eólica;;;4202.236;2025-08-15T08:00:00+02:00
10037;Generación medida Eólica;;;3373.871;2025-08-15T09:00:00+02:00
10037;Generación medida Eólica;;;2790.591;2025-08-15T10:00:00+02:00
10037;Generación medida Eólica;;;2692.138;2025-08-15T11:00:00+02:00
10037;Generación medida Eólica;;;2719.57;2025-08-15T12:00:00+02:00
10037;Generación medida Eólica;;;2723.101;2025-08-15T13:00:00+02:00
10037;Generación medida Eólica;;;2835.987;2025-08-15T14:00:00+02:00
10037;Generación medida Eólica;;;3104.164;2025-08-15T15:00:00+02:00
10037;Generación medida Eólica;;;3220.97;2025-08-15T16:00:00+02:00
10037;Generación medida Eólica;;;3034.748;2025-08-15T17:00:00+02:00
10037;Generación medida Eólica;;;2898.405;2025-08-15T18:00:00+02:00
10037;Generación medida Eólica;;;2805.287;2025-08-15T19:00:00+02:00
10037;Generación medida Eólica;;;2990.964;2025-08-15T20:00:00+02:00
10037;Generación medida Eólica;;;3239.552;2025-08-15T21:00:00+02:00
10037;Generación medida Eólica;;;3240.354;2025-08-15T22:00:00+02:00
10037;Generación medida Eólica;;;2964.968;2025-08-15T23:00:00+02:00
10037;Generación medida Eólica;;;2725.121;2025-08-16T00:00:00+02:00
10037;Generación medida Eólica;;;2613.357;2025-08-16T01:00:00+02:00
10037;Generación medida Eólica;;;2557.622;2025-08-16T02:00:00+02:00
10037;Generación medida Eólica;;;2381.406;2025-08-16T03:00:00+02:00
10037;Generación medida Eólica;;;2081.371;2025-08-16T04:00:00+02:00
10037;Generación medida Eólica;;;1719.785;2025-08-16T05:00:00+02:00
10037;Generación medida Eólica;;;1459.619;2025-08-16T06:00:00+02:00
10037;Generación medida Eólica;;;1324.289;2025-08-16T07:00:00+02:00
10037;Generación medida Eólica;;;1462.589;2025-08-16T08:00:00+02:00
10037;Generación medida Eólica;;;1320.072;2025-08-16T09:00:00+02:00
10037;Generación medida Eólica;;;1143.139;2025-08-16T10:00:00+02:00
10037;Generación medida Eólica;;;1130.249;2025-08-16T11:00:00+02:00
10037;Generación medida Eólica;;;1202.587;2025-08-16T12:00:00+02:00
10037;Generación medida Eólica;;;1559.661;2025-08-16T13:00:00+02:00
10037;Generación medida Eólica;;;1889.297;2025-08-16T14:00:00+02:00
10037;Generación medida Eólica;;;2143.079;2025-08-16T15:00:00+02:00
10037;Generación medida Eólica;;;2235.898;2025-08-16T16:00:00+02:00
10037;Generación medida Eólica;;;2537.41;2025-08-16T17:00:00+02:00
10037;Generación medida Eólica;;;2610.182;2025-08-16T18:00:00+02:00
10037;Generación medida Eólica;;;2264.492;2025-08-16T19:00:00+02:00
10037;Generación medida Eólica;;;2250.559;2025-08-16T20:00:00+02:00
10037;Generación medida Eólica;;;2275.218;2025-08-16T21:00:00+02:00
10037;Generación medida Eólica;;;2598.12;2025-08-16T22:00:00+02:00
10037;Generación medida Eólica;;;2368.351;2025-08-16T23:00:00+02:00
10037;Generación medida Eólica;;;2011.577;2025-08-17T00:00:00+02:00
10037;Generación medida Eólica;;;1934.935;2025-08-17T01:00:00+02:00
10037;Generación medida Eólica;;;1576.622;2025-08-17T02:00:00+02:00
10037;Generación medida Eólica;;;1309.957;2025-08-17T03:00:00+02:00
10037;Generación medida Eólica;;;1240.227;2025-08-17T04:00:00+02:00
10037;Generación medida Eólica;;;1381.405;2025-08-17T05:00:00+02:00
10037;Generación medida Eólica;;;1503.356;2025-08-17T06:00:00+02:00
10037;Generación medida Eólica;;;1343.821;2025-08-17T07:00:00+02:00
10037;Generación medida Eólica;;;1131.81;2025-08-17T08:00:00+02:00
10037;Generación medida Eólica;;;1031.997;2025-08-17T09:00:00+02:00
10037;Generación medida Eólica;;;605.219;2025-08-17T10:00:00+02:00
10037;Generación medida Eólica;;;516.073;2025-08-17T11:00:00+02:00
10037;Generación medida Eólica;;;600.021;2025-08-17T12:00:00+02:00
10037;Generación medida Eólica;;;833.337;2025-08-17T13:00:00+02:00
10037;Generación medida Eólica;;;1416.342;2025-08-17T14:00:00+02:00
10037;Generación medida Eólica;;;1824.623;2025-08-17T15:00:00+02:00
10037;Generación medida Eólica;;;2971.782;2025-08-17T16:00:00+02:00
10037;Generación medida Eólica;;;3527.054;2025-08-17T17:00:00+02:00
10037;Generación medida Eólica;;;3869.336;2025-08-17T18:00:00+02:00
10037;Generación medida Eólica;;;4732.389;2025-08-17T19:00:00+02:00
10037;Generación medida Eólica;;;4639.015;2025-08-17T20:00:00+02:00
10037;Generación medida Eólica;;;4239.738;2025-08-17T21:00:00+02:00
10037;Generación medida Eólica;;;3806.514;2025-08-17T22:00:00+02:00
10037;Generación medida Eólica;;;3046.702;2025-08-17T23:00:00+02:00
10037;Generación medida Eólica;;;2339.768;2025-08-18T00:00:00+02:00
10037;Generación medida Eólica;;;2075.387;2025-08-18T01:00:00+02:00
10037;Generación medida Eólica;;;2097.378;2025-08-18T02:00:00+02:00
10037;Generación medida Eólica;;;2996.84;2025-08-18T03:00:00+02:00
10037;Generación medida Eólica;;;3086.344;2025-08-18T04:00:00+02:00
10037;Generación medida Eólica;;;2886.256;2025-08-18T05:00:00+02:00
10037;Generación medida Eólica;;;2699.197;2025-08-18T06:00:00+02:00
10037;Generación medida Eólica;;;2755.889;2025-08-18T07:00:00+02:00
10037;Generación medida Eólica;;;2723.538;2025-08-18T08:00:00+02:00
10037;Generación medida Eólica;;;2555.017;2025-08-18T09:00:00+02:00
10037;Generación medida Eólica;;;2248.688;2025-08-18T10:00:00+02:00
10037;Generación medida Eólica;;;2074.211;2025-08-18T11:00:00+02:00
10037;Generación medida Eólica;;;2266.195;2025-08-18T12:00:00+02:00
10037;Generación medida Eólica;;;3329.06;2025-08-18T13:00:00+02:00
10037;Generación medida Eólica;;;4700.164;2025-08-18T14:00:00+02:00
10037;Generación medida Eólica;;;6252.002;2025-08-18T15:00:00+02:00
10037;Generación medida Eólica;;;6896.706;2025-08-18T16:00:00+02:00
10037;Generación medida Eólica;;;7454.155;2025-08-18T17:00:00+02:00
10037;Generación medida Eólica;;;7354.295;2025-08-18T18:00:00+02:00
10037;Generación medida Eólica;;;7100.85;2025-08-18T19:00:00+02:00
10037;Generación medida Eólica;;;8302.77;2025-08-18T20:00:00+02:00
10037;Generación medida Eólica;;;8282.459;2025-08-18T21:00:00+02:00
10037;Generación medida Eólica;;;7489.024;2025-08-18T22:00:00+02:00
10037;Generación medida Eólica;;;6812.257;2025-08-18T23:00:00+02:00
10037;Generación medida Eólica;;;6811.175;2025-08-19T00:00:00+02:00
10037;Generación medida Eólica;;;7111.823;2025-08-19T01:00:00+02:00
10037;Generación medida Eólica;;;6979.029;2025-08-19T02:00:00+02:00
10037;Generación medida Eólica;;;6528.877;2025-08-19T03:00:00+02:00
10037;Generación medida Eólica;;;6349.33;2025-08-19T04:00:00+02:00
10037;Generación medida Eólica;;;6090.189;2025-08-19T05:00:00+02:00
10037;Generación medida Eólica;;;5470.01;2025-08-19T06:00:00+02:00
10037;Generación medida Eólica;;;5420.508;2025-08-19T07:00:00+02:00
10037;Generación medida Eólica;;;4807.85;2025-08-19T08:00:00+02:00
10037;Generación medida Eólica;;;4038.304;2025-08-19T09:00:00+02:00
10037;Generación medida Eólica;;;3389.5;2025-08-19T10:00:00+02:00
10037;Generación medida Eólica;;;2831.137;2025-08-19T11:00:00+02:00
10037;Generación medida Eólica;;;2854.256;2025-08-19T12:00:00+02:00
10037;Generación medida Eólica;;;2866.052;2025-08-19T13:00:00+02:00
10037;Generación medida Eólica;;;3398.655;2025-08-19T14:00:00+02:00
10037;Generación medida Eólica;;;3948.378;2025-08-19T15:00:00+02:00
10037;Generación medida Eólica;;;4976.481;2025-08-19T16:00:00+02:00
10037;Generación medida Eólica;;;5985.102;2025-08-19T17:00:00+02:00
10037;Generación medida Eólica;;;7084.179;2025-08-19T18:00:00+02:00
10037;Generación medida Eólica;;;8972.191;2025-08-19T19:00:00+02:00
10037;Generación medida Eólica;;;9857.618;2025-08-19T20:00:00+02:00
10037;Generación medida Eólica;;;10433.717;2025-08-19T21:00:00+02:00
10037;Generación medida Eólica;;;9890.629;2025-08-19T22:00:00+02:00
10037;Generación medida Eólica;;;9539.226;2025-08-19T23:00:00+02:00
10037;Generación medida Eólica;;;9262.932;2025-08-20T00:00:00+02:00
10037;Generación medida Eólica;;;9364.661;2025-08-20T01:00:00+02:00
10037;Generación medida Eólica;;;8564.731;2025-08-20T02:00:00+02:00
10037;Generación medida Eólica;;;8053.227;2025-08-20T03:00:00+02:00
10037;Generación medida Eólica;;;7817.495;2025-08-20T04:00:00+02:00
10037;Generación medida Eólica;;;7444.699;2025-08-20T05:00:00+02:00
10037;Generación medida Eólica;;;6588.195;2025-08-20T06:00:00+02:00
10037;Generación medida Eólica;;;6119.946;2025-08-20T07:00:00+02:00
10037;Generación medida Eólica;;;5825.88;2025-08-20T08:00:00+02:00
10037;Generación medida Eólica;;;5476.802;2025-08-20T09:00:00+02:00
10037;Generación medida Eólica;;;4820.752;2025-08-20T10:00:00+02:00
10037;Generación medida Eólica;;;4349.558;2025-08-20T11:00:00+02:00
10037;Generación medida Eólica;;;4039.9;2025-08-20T12:00:00+02:00
10037;Generación medida Eólica;;;4042.088;2025-08-20T13:00:00+02:00
10037;Generación medida Eólica;;;4427.628;2025-08-20T14:00:00+02:00
10037;Generación medida Eólica;;;4833.728;2025-08-20T15:00:00+02:00
10037;Generación medida Eólica;;;5439.952;2025-08-20T16:00:00+02:00
10037;Generación medida Eólica;;;6147.539;2025-08-20T17:00:00+02:00
10037;Generación medida Eólica;;;7101.472;2025-08-20T18:00:00+02:00
10037;Generación medida Eólica;;;8566.724;2025-08-20T19:00:00+02:00
10037;Generación medida Eólica;;;9228.497;2025-08-20T20:00:00+02:00
10037;Generación medida Eólica;;;8865.369;2025-08-20T21:00:00+02:00
10037;Generación medida Eólica;;;8576.72;2025-08-20T22:00:00+02:00
10037;Generación medida Eólica;;;7615.88;2025-08-20T23:00:00+02:00
10037;Generación medida Eólica;;;6801.006;2025-08-21T00:00:00+02:00
10037;Generación medida Eólica;;;6407.611;2025-08-21T01:00:00+02:00
10037;Generación medida Eólica;;;6107.281;2025-08-21T02:00:00+02:00
10037;Generación medida Eólica;;;5684.677;2025-08-21T03:00:00+02:00
10037;Generación medida Eólica;;;5291.382;2025-08-21T04:00:00+02:00
10037;Generación medida Eólica;;;5138.72;2025-08-21T05:00:00+02:00
10037;Generación medida Eólica;;;4970.889;2025-08-21T06:00:00+02:00
10037;Generación medida Eólica;;;4798.982;2025-08-21T07:00:00+02:00
10037;Generación medida Eólica;;;4590.026;2025-08-21T08:00:00+02:00
10037;Generación medida Eólica;;;4631.305;2025-08-21T09:00:00+02:00
10037;Generación medida Eólica;;;5398.972;2025-08-21T10:00:00+02:00
10037;Generación medida Eólica;;;5242.625;2025-08-21T11:00:00+02:00
10037;Generación medida Eólica;;;5130.456;2025-08-21T12:00:00+02:00
10037;Generación medida Eólica;;;4839.816;2025-08-21T13:00:00+02:00
10037;Generación medida Eólica;;;4801.049;2025-08-21T14:00:00+02:00
10037;Generación medida Eólica;;;5118.011;2025-08-21T15:00:00+02:00
10037;Generación medida Eólica;;;5674.443;2025-08-21T16:00:00+02:00
10037;Generación medida Eólica;;;5934.179;2025-08-21T17:00:00+02:00
10037;Generación medida Eólica;;;7130.629;2025-08-21T18:00:00+02:00
10037;Generación medida Eólica;;;8083.28;2025-08-21T19:00:00+02:00
10037;Generación medida Eólica;;;8928.463;2025-08-21T20:00:00+02:00
10037;Generación medida Eólica;;;9062.393;2025-08-21T21:00:00+02:00
10037;Generación medida Eólica;;;8688.559;2025-08-21T22:00:00+02:00
10037;Generación medida Eólica;;;8508.268;2025-08-21T23:00:00+02:00
10037;Generación medida Eólica;;;8986.727;2025-08-22T00:00:00+02:00
10037;Generación medida Eólica;;;8801.893;2025-08-22T01:00:00+02:00
10037;Generación medida Eólica;;;8568.55;2025-08-22T02:00:00+02:00
10037;Generación medida Eólica;;;7930.903;2025-08-22T03:00:00+02:00
10037;Generación medida Eólica;;;7459.142;2025-08-22T04:00:00+02:00
10037;Generación medida Eólica;;;7265.932;2025-08-22T05:00:00+02:00
10037;Generación medida Eólica;;;7105.453;2025-08-22T06:00:00+02:00
10037;Generación medida Eólica;;;6746.198;2025-08-22T07:00:00+02:00
10037;Generación medida Eólica;;;6413.9;2025-08-22T08:00:00+02:00
10037;Generación medida Eólica;;;6128.9;2025-08-22T09:00:00+02:00
10037;Generación medida Eólica;;;5646.352;2025-08-22T10:00:00+02:00
10037;Generación medida Eólica;;;4734.701;2025-08-22T11:00:00+02:00
10037;Generación medida Eólica;;;3859.554;2025-08-22T12:00:00+02:00
10037;Generación medida Eólica;;;3704.325;2025-08-22T13:00:00+02:00
10037;Generación medida Eólica;;;4188.819;2025-08-22T14:00:00+02:00
10037;Generación medida Eólica;;;4811.681;2025-08-22T15:00:00+02:00
10037;Generación medida Eólica;;;4912.589;2025-08-22T16:00:00+02:00
10037;Generación medida Eólica;;;5230.889;2025-08-22T17:00:00+02:00
10037;Generación medida Eólica;;;6015.698;2025-08-22T18:00:00+02:00
10037;Generación medida Eólica;;;7171.035;2025-08-22T19:00:00+02:00
10037;Generación medida Eólica;;;7436.007;2025-08-22T20:00:00+02:00
10037;Generación medida Eólica;;;7525.722;2025-08-22T21:00:00+02:00
10037;Generación medida Eólica;;;7654.183;2025-08-22T22:00:00+02:00
10037;Generación medida Eólica;;;7857.76;2025-08-22T23:00:00+02:00
10037;Generación medida Eólica;;;7467.028;2025-08-23T00:00:00+02:00
10037;Generación medida Eólica;;;7096.757;2025-08-23T01:00:00+02:00
10037;Generación medida Eólica;;;6801.11;2025-08-23T02:00:00+02:00
10037;Generación medida Eólica;;;6276.767;2025-08-23T03:00:00+02:00
10037;Generación medida Eólica;;;5396.353;2025-08-23T04:00:00+02:00
10037;Generación medida Eólica;;;4663.158;2025-08-23T05:00:00+02:00
10037;Generación medida Eólica;;;4069.789;2025-08-23T06:00:00+02:00
10037;Generación medida Eólica;;;3446.468;2025-08-23T07:00:00+02:00
10037;Generación medida Eólica;;;2728.578;2025-08-23T08:00:00+02:00
10037;Generación medida Eólica;;;1785.612;2025-08-23T09:00:00+02:00
10037;Generación medida Eólica;;;1317.475;2025-08-23T10:00:00+02:00
10037;Generación medida Eólica;;;867.238;2025-08-23T11:00:00+02:00
10037;Generación medida Eólica;;;793.305;2025-08-23T12:00:00+02:00
10037;Generación medida Eólica;;;754.603;2025-08-23T13:00:00+02:00
10037;Generación medida Eólica;;;807.468;2025-08-23T14:00:00+02:00
10037;Generación medida Eólica;;;912.774;2025-08-23T15:00:00+02:00
10037;Generación medida Eólica;;;1222.223;2025-08-23T16:00:00+02:00
10037;Generación medida Eólica;;;1625.868;2025-08-23T17:00:00+02:00
10037;Generación medida Eólica;;;1812.974;2025-08-23T18:00:00+02:00
10037;Generación medida Eólica;;;1937.887;2025-08-23T19:00:00+02:00
10037;Generación medida Eólica;;;2222.956;2025-08-23T20:00:00+02:00
10037;Generación medida Eólica;;;2230.839;2025-08-23T21:00:00+02:00
10037;Generación medida Eólica;;;2227.789;2025-08-23T22:00:00+02:00
10037;Generación medida Eólica;;;2154.831;2025-08-23T23:00:00+02:00
10037;Generación medida Eólica;;;1989.22;2025-08-24T00:00:00+02:00
10037;Generación medida Eólica;;;2153.926;2025-08-24T01:00:00+02:00
10037;Generación medida Eólica;;;2163.838;2025-08-24T02:00:00+02:00
10037;Generación medida Eólica;;;1849.78;2025-08-24T03:00:00+02:00
10037;Generación medida Eólica;;;1390.518;2025-08-24T04:00:00+02:00
10037;Generación medida Eólica;;;1266.711;2025-08-24T05:00:00+02:00
10037;Generación medida Eólica;;;1244.17;2025-08-24T06:00:00+02:00
10037;Generación medida Eólica;;;1180.574;2025-08-24T07:00:00+02:00
10037;Generación medida Eólica;;;1077.055;2025-08-24T08:00:00+02:00
10037;Generación medida Eólica;;;817.097;2025-08-24T09:00:00+02:00
10037;Generación medida Eólica;;;593.264;2025-08-24T10:00:00+02:00
10037;Generación medida Eólica;;;677.44;2025-08-24T11:00:00+02:00
10037;Generación medida Eólica;;;771.299;2025-08-24T12:00:00+02:00
10037;Generación medida Eólica;;;1049.917;2025-08-24T13:00:00+02:00
10037;Generación medida Eólica;;;1288.047;2025-08-24T14:00:00+02:00
10037;Generación medida Eólica;;;1672.09;2025-08-24T15:00:00+02:00
10037;Generación medida Eólica;;;1906.611;2025-08-24T16:00:00+02:00
10037;Generación medida Eólica;;;2949.958;2025-08-24T17:00:00+02:00
10037;Generación medida Eólica;;;3111.482;2025-08-24T18:00:00+02:00
10037;Generación medida Eólica;;;3467.673;2025-08-24T19:00:00+02:00
10037;Generación medida Eólica;;;3324.935;2025-08-24T20:00:00+02:00
10037;Generación medida Eólica;;;3247.422;2025-08-24T21:00:00+02:00
10037;Generación medida Eólica;;;3512.798;2025-08-24T22:00:00+02:00
10037;Generación medida Eólica;;;3962.95;2025-08-24T23:00:00+02:00
10037;Generación medida Eólica;;;4147.947;2025-08-25T00:00:00+02:00
10037;Generación medida Eólica;;;4205.949;2025-08-25T01:00:00+02:00
10037;Generación medida Eólica;;;3912.421;2025-08-25T02:00:00+02:00
10037;Generación medida Eólica;;;3355.262;2025-08-25T03:00:00+02:00
10037;Generación medida Eólica;;;2986.453;2025-08-25T04:00:00+02:00
10037;Generación medida Eólica;;;2663.74;2025-08-25T05:00:00+02:00
10037;Generación medida Eólica;;;2459.427;2025-08-25T06:00:00+02:00
10037;Generación medida Eólica;;;2478.675;2025-08-25T07:00:00+02:00
10037;Generación medida Eólica;;;2182.685;2025-08-25T08:00:00+02:00
10037;Generación medida Eólica;;;1587.731;2025-08-25T09:00:00+02:00
10037;Generación medida Eólica;;;1141.976;2025-08-25T10:00:00+02:00
10037;Generación medida Eólica;;;1228.489;2025-08-25T11:00:00+02:00
10037;Generación medida Eólica;;;1347.164;2025-08-25T12:00:00+02:00
10037;Generación medida Eólica;;;1609.968;2025-08-25T13:00:00+02:00
10037;Generación medida Eólica;;;2464.669;2025-08-25T14:00:00+02:00
10037;Generación medida Eólica;;;3390.494;2025-08-25T15:00:00+02:00
10037;Generación medida Eólica;;;4371.846;2025-08-25T16:00:00+02:00
10037;Generación medida Eólica;;;4984.472;2025-08-25T17:00:00+02:00
10037;Generación medida Eólica;;;5538.632;2025-08-25T18:00:00+02:00
10037;Generación medida Eólica;;;5846.277;2025-08-25T19:00:00+02:00
10037;Generación medida Eólica;;;5799.442;2025-08-25T20:00:00+02:00
10037;Generación medida Eólica;;;5452.944;2025-08-25T21:00:00+02:00
10037;Generación medida Eólica;;;5340.453;2025-08-25T22:00:00+02:00
10037;Generación medida Eólica;;;5169.683;2025-08-25T23:00:00+02:00
10037;Generación medida Eólica;;;5082.943;2025-08-26T00:00:00+02:00
10037;Generación medida Eólica;;;4881.13;2025-08-26T01:00:00+02:00
10037;Generación medida Eólica;;;4398.503;2025-08-26T02:00:00+02:00
10037;Generación medida Eólica;;;3519.681;2025-08-26T03:00:00+02:00
10037;Generación medida Eólica;;;2834.154;2025-08-26T04:00:00+02:00
10037;Generación medida Eólica;;;2524.548;2025-08-26T05:00:00+02:00
10037;Generación medida Eólica;;;2244.651;2025-08-26T06:00:00+02:00
10037;Generación medida Eólica;;;1840.828;2025-08-26T07:00:00+02:00
10037;Generación medida Eólica;;;1652.175;2025-08-26T08:00:00+02:00
10037;Generación medida Eólica;;;1156.687;2025-08-26T09:00:00+02:00
10037;Generación medida Eólica;;;821.134;2025-08-26T10:00:00+02:00
10037;Generación medida Eólica;;;823.964;2025-08-26T11:00:00+02:00
10037;Generación medida Eólica;;;1028.104;2025-08-26T12:00:00+02:00
10037;Generación medida Eólica;;;1465.677;2025-08-26T13:00:00+02:00
10037;Generación medida Eólica;;;2671.973;2025-08-26T14:00:00+02:00
10037;Generación medida Eólica;;;3928.217;2025-08-26T15:00:00+02:00
10037;Generación medida Eólica;;;4682.647;2025-08-26T16:00:00+02:00
10037;Generación medida Eólica;;;5000.809;2025-08-26T17:00:00+02:00
10037;Generación medida Eólica;;;5260.156;2025-08-26T18:00:00+02:00
10037;Generación medida Eólica;;;5964.841;2025-08-26T19:00:00+02:00
10037;Generación medida Eólica;;;5481.718;2025-08-26T20:00:00+02:00
10037;Generación medida Eólica;;;4703.381;2025-08-26T21:00:00+02:00
10037;Generación medida Eólica;;;4419.165;2025-08-26T22:00:00+02:00
10037;Generación medida Eólica;;;4285.49;2025-08-26T23:00:00+02:00
10037;Generación medida Eólica;;;3937.924;2025-08-27T00:00:00+02:00
10037;Generación medida Eólica;;;3145.189;2025-08-27T01:00:00+02:00
10037;Generación medida Eólica;;;2679.973;2025-08-27T02:00:00+02:00
10037;Generación medida Eólica;;;2555.638;2025-08-27T03:00:00+02:00
10037;Generación medida Eólica;;;2507.294;2025-08-27T04:00:00+02:00
10037;Generación medida Eólica;;;2380.208;2025-08-27T05:00:00+02:00
10037;Generación medida Eólica;;;2148.665;2025-08-27T06:00:00+02:00
10037;Generación medida Eólica;;;2081.162;2025-08-27T07:00:00+02:00
10037;Generación medida Eólica;;;2096.226;2025-08-27T08:00:00+02:00
10037;Generación medida Eólica;;;1969.308;2025-08-27T09:00:00+02:00
10037;Generación medida Eólica;;;1963.838;2025-08-27T10:00:00+02:00
10037;Generación medida Eólica;;;2039.016;2025-08-27T11:00:00+02:00
10037;Generación medida Eólica;;;2451.38;2025-08-27T12:00:00+02:00
10037;Generación medida Eólica;;;3181.071;2025-08-27T13:00:00+02:00
10037;Generación medida Eólica;;;3924.422;2025-08-27T14:00:00+02:00
10037;Generación medida Eólica;;;5460.601;2025-08-27T15:00:00+02:00
10037;Generación medida Eólica;;;6307.998;2025-08-27T16:00:00+02:00
10037;Generación medida Eólica;;;6695.87;2025-08-27T17:00:00+02:00
10037;Generación medida Eólica;;;7481.024;2025-08-27T18:00:00+02:00
10037;Generación medida Eólica;;;7355.244;2025-08-27T19:00:00+02:00
10037;Generación medida Eólica;;;7355.723;2025-08-27T20:00:00+02:00
10037;Generación medida Eólica;;;6816.724;2025-08-27T21:00:00+02:00
10037;Generación medida Eólica;;;6216.652;2025-08-27T22:00:00+02:00
10037;Generación medida Eólica;;;5928.6;2025-08-27T23:00:00+02:00
10037;Generación medida Eólica;;;6428.071;2025-08-28T00:00:00+02:00
10037;Generación medida Eólica;;;7018.537;2025-08-28T01:00:00+02:00
10037;Generación medida Eólica;;;7533.839;2025-08-28T02:00:00+02:00
10037;Generación medida Eólica;;;7825.862;2025-08-28T03:00:00+02:00
10037;Generación medida Eólica;;;8329.549;2025-08-28T04:00:00+02:00
10037;Generación medida Eólica;;;8747.876;2025-08-28T05:00:00+02:00
10037;Generación medida Eólica;;;9063.538;2025-08-28T06:00:00+02:00
10037;Generación medida Eólica;;;9079.517;2025-08-28T07:00:00+02:00
10037;Generación medida Eólica;;;9298.944;2025-08-28T08:00:00+02:00
10037;Generación medida Eólica;;;8451.437;2025-08-28T09:00:00+02:00
10037;Generación medida Eólica;;;6796.923;2025-08-28T10:00:00+02:00
10037;Generación medida Eólica;;;5424.446;2025-08-28T11:00:00+02:00
10037;Generación medida Eólica;;;5185.574;2025-08-28T12:00:00+02:00
10037;Generación medida Eólica;;;5456.914;2025-08-28T13:00:00+02:00
10037;Generación medida Eólica;;;5204.937;2025-08-28T14:00:00+02:00
10037;Generación medida Eólica;;;5608.305;2025-08-28T15:00:00+02:00
10037;Generación medida Eólica;;;6007.774;2025-08-28T16:00:00+02:00
10037;Generación medida Eólica;;;6339.572;2025-08-28T17:00:00+02:00
10037;Generación medida Eólica;;;8460.219;2025-08-28T18:00:00+02:00
10037;Generación medida Eólica;;;10655.652;2025-08-28T19:00:00+02:00
10037;Generación medida Eólica;;;11848.158;2025-08-28T20:00:00+02:00
10037;Generación medida Eólica;;;10973.251;2025-08-28T21:00:00+02:00
10037;Generación medida Eólica;;;9944.284;2025-08-28T22:00:00+02:00
10037;Generación medida Eólica;;;9135.821;2025-08-28T23:00:00+02:00
10037;Generación medida Eólica;;;8633.204;2025-08-29T00:00:00+02:00
10037;Generación medida Eólica;;;8466.92;2025-08-29T01:00:00+02:00
10037;Generación medida Eólica;;;8136.944;2025-08-29T02:00:00+02:00
10037;Generación medida Eólica;;;8323.547;2025-08-29T03:00:00+02:00
10037;Generación medida Eólica;;;8488.666;2025-08-29T04:00:00+02:00
10037;Generación medida Eólica;;;8690.813;2025-08-29T05:00:00+02:00
10037;Generación medida Eólica;;;9009.926;2025-08-29T06:00:00+02:00
10037;Generación medida Eólica;;;8801.683;2025-08-29T07:00:00+02:00
10037;Generación medida Eólica;;;8296.879;2025-08-29T08:00:00+02:00
10037;Generación medida Eólica;;;7770.843;2025-08-29T09:00:00+02:00
10037;Generación medida Eólica;;;6935.349;2025-08-29T10:00:00+02:00
10037;Generación medida Eólica;;;5993.987;2025-08-29T11:00:00+02:00
10037;Generación medida Eólica;;;5545.686;2025-08-29T12:00:00+02:00
10037;Generación medida Eólica;;;5379.83;2025-08-29T13:00:00+02:00
10037;Generación medida Eólica;;;5867.089;2025-08-29T14:00:00+02:00
10037;Generación medida Eólica;;;5617.208;2025-08-29T15:00:00+02:00
10037;Generación medida Eólica;;;6171.432;2025-08-29T16:00:00+02:00
10037;Generación medida Eólica;;;6902.693;2025-08-29T17:00:00+02:00
10037;Generación medida Eólica;;;8087.74;2025-08-29T18:00:00+02:00
10037;Generación medida Eólica;;;10623.913;2025-08-29T19:00:00+02:00
10037;Generación medida Eólica;;;9558.613;2025-08-29T20:00:00+02:00
10037;Generación medida Eólica;;;8095.856;2025-08-29T21:00:00+02:00
10037;Generación medida Eólica;;;7555.357;2025-08-29T22:00:00+02:00
10037;Generación medida Eólica;;;6685.337;2025-08-29T23:00:00+02:00
10037;Generación medida Eólica;;;6194.166;2025-08-30T00:00:00+02:00
10037;Generación medida Eólica;;;5915.461;2025-08-30T01:00:00+02:00
10037;Generación medida Eólica;;;5662.541;2025-08-30T02:00:00+02:00
10037;Generación medida Eólica;;;5534.712;2025-08-30T03:00:00+02:00
10037;Generación medida Eólica;;;5576.069;2025-08-30T04:00:00+02:00
10037;Generación medida Eólica;;;5256.12;2025-08-30T05:00:00+02:00
10037;Generación medida Eólica;;;5336.302;2025-08-30T06:00:00+02:00
10037;Generación medida Eólica;;;5089.745;2025-08-30T07:00:00+02:00
10037;Generación medida Eólica;;;4930.371;2025-08-30T08:00:00+02:00
10037;Generación medida Eólica;;;4166.155;2025-08-30T09:00:00+02:00
10037;Generación medida Eólica;;;3914.119;2025-08-30T10:00:00+02:00
10037;Generación medida Eólica;;;3410.702;2025-08-30T11:00:00+02:00
10037;Generación medida Eólica;;;3423.327;2025-08-30T12:00:00+02:00
10037;Generación medida Eólica;;;3831.265;2025-08-30T13:00:00+02:00
10037;Generación medida Eólica;;;4054.625;2025-08-30T14:00:00+02:00
10037;Generación medida Eólica;;;3762.558;2025-08-30T15:00:00+02:00
10037;Generación medida Eólica;;;3866.618;2025-08-30T16:00:00+02:00
10037;Generación medida Eólica;;;4333.153;2025-08-30T17:00:00+02:00
10037;Generación medida Eólica;;;5250.722;2025-08-30T18:00:00+02:00
10037;Generación medida Eólica;;;5050.017;2025-08-30T19:00:00+02:00
10037;Generación medida Eólica;;;5019.014;2025-08-30T20:00:00+02:00
10037;Generación medida Eólica;;;4660.271;2025-08-30T21:00:00+02:00
10037;Generación medida Eólica;;;4996.229;2025-08-30T22:00:00+02:00
10037;Generación medida Eólica;;;4539.924;2025-08-30T23:00:00+02:00
10037;Generación medida Eólica;;;4055.891;2025-08-31T00:00:00+02:00
10037;Generación medida Eólica;;;3720.972;2025-08-31T01:00:00+02:00
10037;Generación medida Eólica;;;3744.026;2025-08-31T02:00:00+02:00
10037;Generación medida Eólica;;;3685.561;2025-08-31T03:00:00+02:00
10037;Generación medida Eólica;;;4039.976;2025-08-31T04:00:00+02:00
10037;Generación medida Eólica;;;4171.844;2025-08-31T05:00:00+02:00
10037;Generación medida Eólica;;;4482.848;2025-08-31T06:00:00+02:00
10037;Generación medida Eólica;;;4741.562;2025-08-31T07:00:00+02:00
10037;Generación medida Eólica;;;4464.233;2025-08-31T08:00:00+02:00
10037;Generación medida Eólica;;;3676.1;2025-08-31T09:00:00+02:00
10037;Generación medida Eólica;;;3342.093;2025-08-31T10:00:00+02:00
10037;Generación medida Eólica;;;3653.736;2025-08-31T11:00:00+02:00
10037;Generación medida Eólica;;;4242.406;2025-08-31T12:00:00+02:00
10037;Generación medida Eólica;;;3904.254;2025-08-31T13:00:00+02:00
10037;Generación medida Eólica;;;4427.936;2025-08-31T14:00:00+02:00
10037;Generación medida Eólica;;;5093.454;2025-08-31T15:00:00+02:00
10037;Generación medida Eólica;;;5239.095;2025-08-31T16:00:00+02:00
10037;Generación medida Eólica;;;6648.876;2025-08-31T17:00:00+02:00
10037;Generación medida Eólica;;;8116.476;2025-08-31T18:00:00+02:00
10037;Generación medida Eólica;;;12352.265;2025-08-31T19:00:00+02:00
10037;Generación medida Eólica;;;14021.162;2025-08-31T20:00:00+02:00
10037;Generación medida Eólica;;;13762.089;2025-08-31T21:00:00+02:00
10037;Generación medida Eólica;;;13435.51;2025-08-31T22:00:00+02:00
10037;Generación medida Eólica;;;12922.69;2025-08-31T23:00:00+02:00